file,status,iou,missing_pct,extra_pct,volume_error_pct,com_offset,hausdorff_max,ops,emitted,overlaps,failed,inert,skipped_total,association_area,stock_kind,stock_lines,script_lines,feature_ops,trim_ops,feature_share,trials,stock_search_s,first_trial_s,extra_trials_s,plan_s
b123d-ttt-ppp0101.step,ok,0.9976,0.004,0.235,0.231,0.0168,5.9045,17,14,0,0,2,5,0.469,outline,31,198,7,7,0.5,1,6.2,2.5,0,9.9
b123d-ttt-23-t-24-curved-support.step,ok,0.9958,0.002,0.416,0.414,0.0621,9.2998,13,11,0,0,2,4,0.76,outline,70,164,2,9,0.182,2,7.1,2.1,1.7,11.2
b123d-ttt-23-02-02-sm-hanger.step,ok,1.0,0.0,0.0,-0.0,0.0,0.0156,73,6,0,7,8,43,1.0,other,209,211,6,0,1.0,1,15.6,2.1,0,21.9
b123d-ttt-ppp0103.step,ok,0.9825,0.352,1.423,1.071,0.1021,6.7285,11,10,1,0,1,2,0.574,outline,31,88,6,4,0.6,2,6.2,2.0,1.6,10.4
b123d-ttt-24-spo-06-buffer-stand.step,ok,0.979,0.257,1.882,1.686,0.2823,7.4204,16,10,0,0,6,6,0.677,outline,73,257,2,8,0.2,6,8.5,4.1,16.3,30.4
b123d-ttt-ppp0104.step,ok,0.9576,0.0,4.428,4.428,0.3535,6.0392,14,12,0,0,2,5,0.802,outline,61,154,3,9,0.25,6,7.3,2.1,8.2,18.8
b123d-ttt-ppp0102.step,ok,0.6684,0.0,49.601,49.6,2.7546,5.4115,2,1,0,0,1,8,0.436,outline,89,128,0,1,0.0,5,24.3,2.0,7.2,33.8
b123d-ttt-ppp0106.step,ok,0.9853,0.097,1.392,1.295,0.1389,4.8377,22,21,0,0,1,14,0.771,outline,56,244,6,15,0.286,3,11.8,4.0,6.0,23.9
b123d-ttt-ppp0108.step,ok,0.9958,0.017,0.408,0.39,0.0069,0.1872,21,19,0,0,2,17,0.972,outline,59,212,7,12,0.368,2,7.5,2.6,1.9,13.7
b123d-ttt-ppp0105.step,ok,0.4751,0.0,110.499,110.499,1.1715,13.6023,3,3,0,0,0,21,1.0,outline,127,156,1,2,0.333,6,31.7,2.8,8.2,42.8
b123d-ttt-ppp0109.step,ok,0.9909,0.004,0.917,0.926,0.6364,6.3307,17,17,0,0,0,4,0.515,outline,36,225,6,11,0.353,1,8.5,2.8,0,11.7
b123d-ttt-ppp0107.step,ok,0.9063,0.0,10.339,10.339,0.5776,4.5006,17,17,0,0,0,30,0.492,outline,103,421,7,10,0.412,6,27.8,4.9,17.9,57.5
b123d-ttt-ppp0110.step,ok,0.7473,0.0,33.819,33.818,2.5567,15.4785,9,9,0,0,0,12,0.019,outline,60,153,0,9,0.0,6,37.3,2.4,8.7,48.9
grm-GRM-03_thumbwheel_drive_screw.step,ok,0.9998,0.009,0.009,0.0,0.0004,0.5792,4,4,0,0,0,6,0.907,turned,4,23,4,0,1.0,1,6.4,1.1,0,10.7
grm-GRM-05_depth_lock_bolt.step,ok,1.0,0.001,0.001,0.0,0.0002,0.0168,2,2,0,0,0,4,0.94,turned,3,13,2,0,1.0,1,6.2,1.1,0,9.4
grm-string_post.step,ok,0.9707,0.03,2.985,2.882,0.0429,0.8098,4,4,0,0,0,23,0.781,turned,4,33,2,2,0.5,6,18.8,1.3,7.1,29.2
cgb-flanged_spool_132.step,ok,0.9008,0.53,10.424,10.147,3.6439,18.3179,52,52,4,0,0,39,0.603,turned,38,257,45,7,0.865,4,46.1,7.2,27.8,107.3
nist-nist_ctc_01_asme1_rd.step,ok,0.9867,0.252,1.088,0.908,0.3962,21.3241,103,80,0,0,23,12,0.77,outline,101,727,30,50,0.375,1,19.4,27.7,0,58.6
nist-nist_ctc_03_asme1_rc.step,ok,0.9747,0.055,2.537,2.522,0.8723,16.8697,95,88,0,0,5,24,0.997,outline,158,974,39,49,0.443,2,16.3,7.6,17.6,46.7
cgb-threaded_connector_109.step,ok,0.9383,0.088,6.479,6.576,7.6494,12.6681,36,31,2,0,5,413,0.911,turned,20,303,2,29,0.065,5,153.2,15.2,67.4,285.6
nist-nist_ctc_05_asme1_rd.step,ok,0.9484,0.106,5.324,4.078,2.3288,38.534,65,56,1,1,8,81,0.59,outline,148,600,32,24,0.571,6,28.6,52.3,257.6,355.5
nist-nist_ftc_06_asme1_rd.step,ok,0.9599,0.867,3.277,2.41,2.0374,16.3424,87,77,4,2,6,20,0.791,outline,148,1036,36,41,0.468,6,40.1,28.7,138.4,225.5
nist-nist_ctc_04_asme1_rd.step,ok,0.9785,0.055,2.141,2.03,1.3593,19.4433,233,226,2,4,0,202,0.288,outline,173,1533,99,127,0.438,5,29.1,75.5,357.5,497.1
nist-nist_ftc_09_asme1_rd.step,ok,0.9649,0.0,3.64,3.516,0.7041,23.55,90,90,0,0,0,16,0.043,box,1,549,62,28,0.689,1,301.9,19.9,0,348.0
nist-nist_ftc_07_asme1_rd.step,ok,0.8851,0.98,11.877,11.15,1.4806,20.992,165,152,4,4,2,116,0.858,outline,78,1150,39,113,0.257,6,14.8,61.2,356.4,454.0
nist-nist_ftc_08_asme1_rc.step,ok,0.8784,0.07,13.762,13.682,3.0705,36.7742,155,137,0,1,11,69,0.737,outline,177,979,44,93,0.321,6,56.0,35.8,254.7,364.1
nist-nist_ctc_02_asme1_rc.step,ok,0.3624,0.096,175.706,172.389,17.9623,198.4486,245,128,0,0,0,261,0.296,outline,210,856,128,0,1.0,0,30.4,,0,59.5
nist-nist_ftc_10_asme1_rb.step,ok,0.9659,0.015,3.517,3.468,0.5179,6.2909,124,122,0,0,0,82,0.35,outline,126,1143,57,65,0.467,6,51.5,26.8,99.7,203.0
